0,日期,成交股數,成交金額,開盤價,最高價,最低價,收盤價,漲跌價差,成交筆數,filter,rsv,k,d
0.0,2022-03-01,25978385.0,772713707.0,29.15,30.0,29.15,29.8,+0.35,9081.0,False,,,
23.0,2022-03-01,25978385.0,772713707.0,29.15,30.0,29.15,29.8,+0.35,9081.0,False,0.16250000000000053,0.6846764352041655,0.8574687960348978
1.0,2022-03-02,21055924.0,628237798.0,29.75,29.95,29.55,29.9,+0.10,7150.0,False,,,
24.0,2022-03-02,21055924.0,628237798.0,29.75,29.95,29.55,29.9,+0.10,7150.0,False,0.1875,0.518950956802777,0.7446295162908574
2.0,2022-03-03,20447314.0,611449614.0,29.95,29.95,29.7,29.95,+0.05,4955.0,False,,,
25.0,2022-03-03,20447314.0,611449614.0,29.95,29.95,29.7,29.95,+0.05,4955.0,False,0.20000000000000007,0.41263397120185136,0.6339643345945221
3.0,2022-03-04,13619977.0,403234159.0,29.5,29.8,29.2,29.7,-0.25,6929.0,False,,,
26.0,2022-03-04,13619977.0,403234159.0,29.5,29.8,29.2,29.7,-0.25,6929.0,False,0.13750000000000018,0.3209226474679009,0.529617105552315
4.0,2022-03-07,36106531.0,1050647835.0,29.35,29.4,28.9,29.2,-0.50,18727.0,False,,,
27.0,2022-03-07,36106531.0,1050647835.0,29.35,29.4,28.9,29.2,-0.50,18727.0,False,0.07058823529411781,0.2374778434099732,0.43223735150486775
5.0,2022-03-08,31206569.0,901360359.0,28.35,29.2,28.35,28.95,-0.25,14304.0,False,,,
28.0,2022-03-08,31206569.0,901360359.0,28.35,29.2,28.35,28.95,-0.25,14304.0,False,0.12499999999999965,0.199985228939982,0.3548199773165725
6.0,2022-03-09,22542844.0,652963412.0,29.0,29.4,28.8,28.8,-0.15,12308.0,False,,,
29.0,2022-03-09,22542844.0,652963412.0,29.0,29.4,28.8,28.8,-0.15,12308.0,False,0.0937499999999999,0.16457348595998794,0.291404480197711
30.0,2022-03-10,29119721.0,866039635.0,29.4,29.95,29.4,29.9,+1.10,12341.0,False,0.32291666666666624,0.2173545461955474,0.26672116886365643
7.0,2022-03-10,29119721.0,866039635.0,29.4,29.95,29.4,29.9,+1.10,12341.0,False,,,
8.0,2022-03-11,18149346.0,542894684.0,29.9,30.05,29.75,29.95,+0.05,9060.0,False,0.9411764705882344,0.6470588235294115,0.5490196078431371
31.0,2022-03-11,18149346.0,542894684.0,29.9,30.05,29.75,29.95,+0.05,9060.0,False,0.9411764705882344,0.4586285209931097,0.33069028624014085
32.0,2022-03-14,16800965.0,504367892.0,29.95,30.1,29.95,30.05,+0.10,6763.0,False,0.9714285714285708,0.6295618711382635,0.4303141478728484
9.0,2022-03-14,16800965.0,504367892.0,29.95,30.1,29.95,30.05,+0.10,6763.0,False,0.9714285714285708,0.7551820728291313,0.6177404295051352
33.0,2022-03-15,20111517.0,604041964.0,30.0,30.15,29.9,30.1,+0.05,8007.0,False,0.9722222222222238,0.7437819881662502,0.5348034279706491
10.0,2022-03-15,20111517.0,604041964.0,30.0,30.15,29.9,30.1,+0.05,8007.0,False,0.9722222222222238,0.8275287892934955,0.687669882767922
34.0,2022-03-16,25763722.0,784408348.0,30.25,30.6,30.25,30.5,+0.40,9377.0,False,0.9555555555555548,0.8143731772960184,0.6279933444124387
11.0,2022-03-16,25763722.0,784408348.0,30.25,30.6,30.25,30.5,+0.40,9377.0,False,0.9555555555555548,0.8702043780475153,0.7485147145277864
35.0,2022-03-17,34452535.0,1068621327.0,31.4,31.5,30.65,30.9,+0.40,11871.0,False,0.8095238095238091,0.8127567213719485,0.6895811367322753
12.0,2022-03-17,34452535.0,1068621327.0,31.4,31.5,30.65,30.9,+0.40,11871.0,False,0.8095238095238091,0.8499775218729465,0.7823356503095065
36.0,2022-03-18,36502622.0,1135554937.0,31.05,31.3,30.95,31.05,+0.15,9419.0,False,0.8571428571428573,0.8275520999622514,0.7355714578089342
13.0,2022-03-18,36502622.0,1135554937.0,31.05,31.3,30.95,31.05,+0.15,9419.0,False,0.8571428571428573,0.8523659669629167,0.8056790891939765
37.0,2022-03-21,18868533.0,587876672.0,31.1,31.3,31.05,31.15,+0.10,7032.0,False,0.8703703703703698,0.8418248567649576,0.7709892574609418
14.0,2022-03-21,18868533.0,587876672.0,31.1,31.3,31.05,31.15,+0.10,7032.0,False,0.8703703703703698,0.8583674347654009,0.8232418710511179
38.0,2022-03-22,26398002.0,824993445.0,31.1,31.4,31.0,31.4,+0.25,6364.0,False,0.9523809523809518,0.8786768886369556,0.806885134519613
15.0,2022-03-22,26398002.0,824993445.0,31.1,31.4,31.0,31.4,+0.25,6364.0,False,0.9523809523809518,0.8897052739705844,0.84539633869094
16.0,2022-03-23,23836074.0,752891752.0,31.45,31.7,31.45,31.7,+0.30,9538.0,False,1.0,0.9264701826470564,0.8724209533429786
39.0,2022-03-23,23836074.0,752891752.0,31.45,31.7,31.45,31.7,+0.30,9538.0,False,1.0,0.9191179257579702,0.8442960649323987
17.0,2022-03-24,17352102.0,550327391.0,31.7,31.8,31.55,31.8,+0.10,5787.0,False,1.0,0.9509801217647041,0.898607342816887
40.0,2022-03-24,17352102.0,550327391.0,31.7,31.8,31.55,31.8,+0.10,5787.0,False,1.0,0.9460786171719802,0.8782235823455925
18.0,2022-03-25,14704573.0,466614426.0,31.7,31.8,31.6,31.8, 0.00,7077.0,False,1.0,0.9673200811764692,0.9215115889367478
41.0,2022-03-25,14704573.0,466614426.0,31.7,31.8,31.6,31.8, 0.00,7077.0,False,1.0,0.9640524114479868,0.9068331920463906
19.0,2022-03-28,18342641.0,583780758.0,31.45,32.1,31.45,32.1,+0.30,8817.0,False,1.0,0.9782133874509796,0.9404121884414915
42.0,2022-03-28,18342641.0,583780758.0,31.45,32.1,31.45,32.1,+0.30,8817.0,False,1.0,0.9760349409653244,0.9299004416860353
20.0,2022-03-29,24658713.0,796392629.0,32.1,32.5,32.0,32.3,+0.20,9008.0,False,0.8918918918918904,0.9494395555979498,0.9434213108269776
43.0,2022-03-29,24658713.0,796392629.0,32.1,32.5,32.0,32.3,+0.20,9008.0,False,0.8918918918918904,0.9479872579408464,0.9359293804376388
21.0,2022-03-30,27132316.0,890002472.0,32.6,33.0,32.55,32.85,+0.55,13925.0,False,0.9268292682926836,0.9419027931628612,0.9429151382722719
44.0,2022-03-30,27132316.0,890002472.0,32.6,33.0,32.55,32.85,+0.55,13925.0,False,0.9268292682926836,0.940934594724792,0.9375977852000232
22.0,2022-03-31,24693613.0,816138242.0,32.85,33.15,32.85,33.05,+0.20,8095.0,False,0.9534883720930226,0.9457646528062482,0.943864976450264
45.0,2022-03-31,24693613.0,816138242.0,32.85,33.15,32.85,33.05,+0.20,8095.0,False,0.9534883720930226,0.945119187180869,0.9401049191936384
46.0,2022-04-01,20927506.0,690245015.0,32.95,33.2,32.75,33.0,-0.05,8405.0,False,0.9090909090909081,0.9331097611508821,0.9377731998460528
47.0,2022-04-06,37248891.0,1249929137.0,32.9,34.05,32.85,34.05,+1.05,15692.0,False,1.0,0.9554065074339212,0.943650969042009
48.0,2022-04-07,70621794.0,2422298052.0,34.25,34.95,33.75,33.75,-0.30,28709.0,False,0.6571428571428567,0.8559852906702329,0.9144290762514168
49.0,2022-04-08,41423543.0,1429004589.0,33.95,34.9,33.7,34.85,+1.10,15418.0,False,0.9714285714285712,0.8944663842563456,0.9077748455863928
50.0,2022-04-11,56960631.0,2003237848.0,35.0,35.7,34.8,35.35,+0.50,23325.0,False,0.9176470588235291,0.90219327577874,0.9059143223171752
51.0,2022-04-12,35921695.0,1258324789.0,35.3,35.3,34.85,35.15,-0.20,14703.0,False,0.8513513513513503,0.8852459676362768,0.8990248707568758
52.0,2022-04-13,29873191.0,1052465583.0,35.3,35.6,35.05,35.25,+0.10,11182.0,False,0.8571428571428565,0.87587826413847,0.8913093352174071
53.0,2022-04-14,80484569.0,2728552868.0,35.3,35.3,33.0,33.35,-1.90,39694.0,False,0.20338983050847487,0.6517154529284717,0.8114447077877619
54.0,2022-04-15,36356279.0,1213329532.0,33.0,33.9,33.0,33.3,-0.05,13335.0,False,0.18644067796610056,0.496623861274348,0.7065044256166239
55.0,2022-04-18,47842292.0,1540438386.0,33.05,33.1,31.7,32.2,-1.10,23843.0,False,0.12500000000000078,0.3727492408495656,0.5952526973609378
56.0,2022-04-19,23452027.0,756874741.0,32.25,32.8,32.05,32.15,-0.05,9544.0,False,0.11249999999999973,0.2859994938997103,0.4921682962071953
57.0,2022-04-20,23778967.0,765206419.0,32.2,32.5,31.85,32.5,+0.35,11658.0,False,0.2,0.2573329959331402,0.41388986278251017
58.0,2022-04-21,18502589.0,597316706.0,32.85,32.85,32.05,32.2,-0.30,7878.0,False,0.12500000000000078,0.21322199728876035,0.3470005742845935
59.0,2022-04-22,36634330.0,1198233975.0,32.1,33.1,32.05,33.0,+0.80,11622.0,False,0.3333333333333333,0.253259109303618,0.31575341929093503
60.0,2022-04-25,28015303.0,908670799.0,32.65,32.8,32.1,32.45,-0.55,15083.0,False,0.19230769230769312,0.2329419703049764,0.2881496029622821
61.0,2022-04-26,33857776.0,1123893929.0,32.5,33.55,32.5,33.45,+1.00,11395.0,False,0.4861111111111124,0.3173316839070217,0.2978769632771953
62.0,2022-04-27,33792088.0,1117231461.0,32.9,33.25,32.75,33.2,-0.25,12902.0,False,0.6818181818181837,0.4388271832107423,0.3448603699217109
63.0,2022-04-28,40381130.0,1340069257.0,33.4,33.5,32.65,33.3,+0.10,11351.0,False,0.8648648648648647,0.5808397437621164,0.4235201612018461
64.0,2022-04-29,20613501.0,692889136.0,33.45,33.85,33.35,33.85,+0.55,6300.0,False,1.0,0.7205598291747443,0.5225333838594788
65.0,2022-05-03,31391742.0,1034393047.0,33.6,33.65,32.6,32.7,-1.15,21563.0,False,0.4250000000000007,0.6220398861164964,0.5557022179451513
66.0,2022-05-04,21493644.0,698774113.0,32.7,32.8,32.35,32.4,-0.30,9719.0,False,0.1944444444444448,0.4795080722258125,0.5303041693720384
67.0,2022-05-05,26439529.0,852383268.0,32.75,32.8,32.0,32.1,-0.30,12654.0,False,0.05405405405405478,0.33769006616855995,0.4660994683042122
68.0,2022-05-06,29565823.0,933071025.0,31.55,31.85,31.2,31.8,-0.30,13116.0,False,0.226415094339623,0.30059840889224765,0.410932448500224
69.0,2022-05-09,33137580.0,1022845414.0,31.05,31.4,30.7,30.7,-1.10,15456.0,False,0.0,0.2003989392614985,0.34075461208731544
70.0,2022-05-10,59166933.0,1772130022.0,29.5,30.6,29.2,30.35,-0.35,15945.0,False,0.2473118279569896,0.2160365688266621,0.29918193100043106
71.0,2022-05-11,32193870.0,982420393.0,30.25,30.7,30.2,30.65,+0.30,9170.0,False,0.31182795698924703,0.2479670315475237,0.2821102978494619
72.0,2022-05-12,45840377.0,1363257363.0,30.4,30.4,29.35,29.5,-1.15,22251.0,False,0.06451612903225819,0.18681673070910187,0.2503457754693419
73.0,2022-05-13,49039342.0,1439010889.0,29.55,29.75,28.9,29.45,-0.05,15475.0,False,0.11578947368421068,0.1631409783674715,0.2212775097687184
74.0,2022-05-16,30345691.0,883553591.0,29.0,29.5,28.9,29.1,-0.35,14942.0,False,0.05128205128205203,0.12585466933899833,0.18946989629214506
75.0,2022-05-17,32810470.0,946090850.0,29.5,29.5,28.6,28.6,-0.50,18891.0,False,0.0,0.08390311289266555,0.15428096849231854
76.0,2022-05-18,50761839.0,1487069474.0,28.65,29.8,28.55,29.6,+1.00,14688.0,False,0.31818181818181834,0.16199601465571647,0.15685265054678452
77.0,2022-05-19,36531362.0,1051532208.0,28.95,29.0,28.6,28.75,-0.85,13082.0,False,0.07017543859649103,0.13138915596930806,0.14836481902095902
78.0,2022-05-20,28343825.0,820629856.0,28.9,29.2,28.8,28.9,+0.15,8084.0,False,0.16279069767441773,0.1418563365376779,0.1461953248598653
79.0,2022-05-23,33559261.0,984913999.0,29.25,29.8,28.8,29.45,+0.55,9387.0,False,0.4186046511627903,0.2341057747460487,0.17549880815525976
80.0,2022-05-24,16357175.0,483578917.0,29.45,29.85,29.35,29.45, 0.00,6410.0,False,0.4864864864864863,0.3182326786595279,0.22307676499001566
81.0,2022-05-25,18671510.0,551647112.0,29.65,29.75,29.3,29.55,+0.10,7090.0,False,0.7692307692307688,0.4685653755166082,0.30490630183221323
82.0,2022-05-26,61741983.0,1781996670.0,29.35,29.4,28.7,28.8,-0.75,27195.0,False,0.1923076923076922,0.37647948111363616,0.3287640282593542
83.0,2022-05-27,23390827.0,684289080.0,28.9,29.5,28.7,29.4,+0.60,8095.0,False,0.6538461538461519,0.4689350386911414,0.3754876984032832
84.0,2022-05-30,26412223.0,787750580.0,29.65,30.05,29.5,30.05,+0.65,9536.0,False,1.0,0.6459566924607609,0.4656440297557757
85.0,2022-05-31,63810959.0,1935438663.0,30.0,30.6,29.6,30.6,+0.55,8512.0,False,1.0,0.7639711283071742,0.5650863959395751
86.0,2022-06-01,28533283.0,856084601.0,30.3,30.35,29.8,29.8,-0.80,11485.0,False,0.5789473684210528,0.7022965416784669,0.6108231111858723
87.0,2022-06-02,21618682.0,638717408.0,29.6,29.8,29.4,29.55,-0.25,8227.0,False,0.4473684210526318,0.6173205014698552,0.6129889079471998
88.0,2022-06-06,13253624.0,391208353.0,29.75,29.75,29.35,29.6,+0.05,7176.0,False,0.4736842105263164,0.5694417378220089,0.5984731845721362
89.0,2022-06-07,16755507.0,492618237.0,29.6,29.6,29.3,29.35,-0.25,5608.0,False,0.3421052631578955,0.4936629129339711,0.5635364273594144
90.0,2022-06-08,17981111.0,530079903.0,29.55,29.6,29.35,29.5,+0.15,6270.0,False,0.4210526315789473,0.4694594858156298,0.5321774468448195
91.0,2022-06-09,21567767.0,628879559.0,29.3,29.45,29.0,29.15,-0.35,9628.0,False,0.23684210526315724,0.3919203589648056,0.4854250842181481
92.0,2022-06-10,14393240.0,419045174.0,28.85,29.35,28.8,29.15, 0.00,5164.0,False,0.1944444444444432,0.3260950541246848,0.4323150741869937
93.0,2022-06-13,28956545.0,836638775.0,28.95,29.0,28.8,28.9,-0.25,11741.0,False,0.05555555555555435,0.23591522126830794,0.36684845654743176
94.0,2022-06-14,21755080.0,635097863.0,28.9,29.45,28.8,29.45,+0.55,7491.0,False,0.4193548387096763,0.29706176041543075,0.3435862245034314
95.0,2022-06-15,32845197.0,955086191.0,29.05,29.35,28.9,29.15,-0.30,12044.0,False,0.3499999999999979,0.3147078402769531,0.3339600964279386
96.0,2022-06-16,28953602.0,856807885.0,29.45,29.9,29.35,29.5,+0.35,10170.0,False,0.6363636363636369,0.4219264389725144,0.3632822106094639
97.0,2022-06-17,39864048.0,1160932042.0,29.3,29.45,28.9,29.1,-0.40,11840.0,False,0.27272727272727393,0.3721933835574341,0.3662526015921206
98.0,2022-06-20,26923097.0,786979289.0,29.1,29.65,28.9,29.0,-0.10,10968.0,False,0.18181818181818152,0.3087349829776833,0.3470800620539748
99.0,2022-06-21,23865111.0,702023087.0,29.4,29.6,29.1,29.5,+0.50,7271.0,False,0.6363636363636369,0.4179445341063345,0.3707015527380947
100.0,2022-06-22,25578585.0,742223466.0,29.15,29.4,28.8,28.95,-0.55,13905.0,False,0.13636363636363533,0.324084234858768,0.3551624467783191
101.0,2022-06-23,21865336.0,641069758.0,29.35,29.5,29.1,29.4,+0.45,6409.0,False,0.5454545454545445,0.3978743383906935,0.3693997439824439
102.0,2022-06-24,13885459.0,411363521.0,29.7,29.75,29.5,29.65,+0.25,5438.0,False,0.7727272727272723,0.5228253165028864,0.4205416014892581
103.0,2022-06-27,15311208.0,456965314.0,29.9,29.95,29.7,29.7,+0.05,8058.0,False,0.7826086956521736,0.6094197762193154,0.4835009930659439
104.0,2022-06-28,12604306.0,373864839.0,29.7,29.9,29.4,29.7, 0.00,5134.0,False,0.7826086956521736,0.6671494160302681,0.544717134054052
105.0,2022-06-29,18594425.0,547893207.0,29.4,29.7,29.3,29.4,-0.30,10331.0,False,0.5217391304347814,0.6186793208317725,0.5693711963132921
106.0,2022-06-30,17376668.0,506111214.0,29.4,29.4,29.0,29.0,-0.40,7153.0,False,0.17391304347826048,0.4704238950472685,0.5363887625579509
107.0,2022-07-01,33980076.0,987391717.0,28.95,29.3,28.8,29.1,+0.10,11745.0,False,0.26086956521739224,0.4005724517706431,0.4911166589621816
108.0,2022-07-04,18244413.0,531188630.0,29.25,29.45,28.9,28.95,-0.15,11868.0,False,0.13043478260869454,0.3105265620499935,0.43091995999145216
109.0,2022-07-05,13227323.0,385013518.0,29.35,29.35,28.9,29.05,+0.10,5073.0,False,0.2173913043478264,0.2794814761492711,0.3804404653773918
110.0,2022-07-06,29676226.0,853991686.0,29.15,29.25,28.6,28.6,-0.45,12896.0,False,0.0,0.1863209840995141,0.31573397161809924
111.0,2022-07-07,23276012.0,662756135.0,28.7,28.75,28.2,28.6, 0.00,10130.0,False,0.22857142857142976,0.20040446559015265,0.277290802942117
112.0,2022-07-08,20500808.0,583212202.0,28.6,28.8,28.2,28.3,-0.30,11323.0,False,0.058823529411765565,0.15321082019735693,0.23593080869386365
113.0,2022-07-11,50458769.0,1374782677.0,27.8,27.85,27.0,27.05,-1.25,25642.0,False,0.018518518518518788,0.10831338630441087,0.19339166789737933
114.0,2022-07-12,43275613.0,1149890359.0,26.75,26.8,26.2,26.5,-0.55,17658.0,False,0.09230769230769252,0.10297815497217144,0.16325383025564336
115.0,2022-07-13,36847753.0,998210897.0,26.95,27.35,26.85,27.1,+0.60,13963.0,False,0.2769230769230776,0.16095979562247348,0.16248915204458672
116.0,2022-07-14,25190293.0,689873354.0,27.1,27.65,27.05,27.4,+0.30,9496.0,False,0.369230769230769,0.2303834534919053,0.1851205858603596
117.0,2022-07-15,17971376.0,487887350.0,27.3,27.3,27.0,27.2,-0.20,9195.0,False,0.3174603174603172,0.2594090748147093,0.20988341551180945
118.0,2022-07-18,27907229.0,776213961.0,27.25,28.05,27.2,28.0,+0.80,8740.0,False,0.5901639344262296,0.369660694685216,0.26314250856961163
119.0,2022-07-19,25839108.0,717526533.0,27.8,27.95,27.6,27.85,-0.15,8726.0,False,0.6346153846153851,0.457978924661939,0.3280879806003874
120.0,2022-07-20,27955830.0,783469546.0,28.0,28.3,27.8,27.85, 0.00,10429.0,False,0.6346153846153851,0.516857744646421,0.39101123528239856
121.0,2022-07-21,34928547.0,986532980.0,28.1,28.55,27.85,28.45,+0.60,7480.0,False,0.9574468085106376,0.6637207659344933,0.4819144121664301
122.0,2022-07-22,31638536.0,912266148.0,28.55,29.15,28.35,29.05,+0.60,11044.0,False,0.966101694915255,0.7645144089280804,0.5761144110869801
123.0,2022-07-25,33336250.0,975158827.0,29.15,29.5,29.0,29.15,+0.10,11393.0,False,0.8679245283018862,0.7989844487193489,0.6504044236311031
124.0,2022-07-26,27978707.0,818719488.0,29.4,29.4,29.1,29.2,+0.05,8363.0,False,0.8799999999999997,0.8259896324795658,0.7089328265805906
125.0,2022-07-27,38593526.0,1127809596.0,29.1,29.35,29.05,29.35,+0.15,10612.0,False,0.9400000000000006,0.8639930883197107,0.7606195804936307
126.0,2022-07-28,37639769.0,1033385826.0,27.2,27.65,27.15,27.65,X0.00,19501.0,False,0.2127659574468084,0.6469173780287433,0.7227188463386682
127.0,2022-07-29,35528349.0,972884240.0,27.8,27.8,27.0,27.5,-0.15,20476.0,False,0.2,0.4979449186858288,0.6477942037877217
128.0,2022-08-01,13152269.0,358816430.0,27.5,27.55,27.1,27.2,-0.30,8836.0,False,0.07999999999999971,0.3586299457905524,0.5514061177886652
129.0,2022-08-02,23857343.0,650191245.0,27.05,27.5,27.0,27.35,+0.15,10069.0,False,0.14000000000000054,0.2857532971937018,0.4628551775903441
130.0,2022-08-03,28127004.0,760865706.0,27.2,27.3,26.9,27.2,-0.15,13027.0,False,0.1153846153846156,0.22896373659067304,0.38489136392378703
131.0,2022-08-04,12696541.0,345371133.0,27.2,27.3,27.0,27.3,+0.10,6384.0,False,0.15384615384615458,0.2039245423425002,0.3245690900633581
132.0,2022-08-05,12105197.0,332716738.0,27.3,27.6,27.3,27.55,+0.25,5755.0,False,0.26000000000000084,0.2226163615616671,0.2905848472294611
133.0,2022-08-08,13355499.0,367221138.0,27.5,27.6,27.2,27.6,+0.05,5723.0,False,0.2857142857142865,0.24364900294587355,0.27493956580159856
134.0,2022-08-09,22538595.0,629736838.0,27.7,28.1,27.65,28.1,+0.50,7792.0,False,1.0,0.4957660019639157,0.34854837785570425
135.0,2022-08-10,15611346.0,439857150.0,28.1,28.35,27.9,28.15,+0.05,7979.0,False,0.8620689655172397,0.6178669898150236,0.4383212485088107
136.0,2022-08-11,18172722.0,517210876.0,28.25,28.6,28.15,28.5,+0.35,6348.0,False,0.9411764705882344,0.7256368167394271,0.5340931045856828
137.0,2022-08-12,15143782.0,430146585.0,28.5,28.6,28.25,28.45,-0.05,6889.0,False,0.9117647058823518,0.7876794464537353,0.6186218852083669
138.0,2022-08-15,13004712.0,369326152.0,28.45,28.55,28.3,28.35,-0.10,6839.0,False,0.8529411764705885,0.809433356459353,0.6822257089586956
139.0,2022-08-16,13487200.0,380969398.0,28.35,28.35,28.15,28.3,-0.05,7161.0,False,0.8124999999999998,0.8104555709729019,0.7249689962967643
140.0,2022-08-17,17500961.0,493595921.0,28.2,28.35,28.1,28.25,-0.05,8530.0,False,0.7499999999999993,0.7903037139819343,0.7467472355251542
141.0,2022-08-18,18287618.0,512723031.0,28.05,28.25,27.9,28.05,-0.20,9442.0,False,0.6071428571428572,0.7292500950355751,0.7409148553619611
142.0,2022-08-19,12701597.0,356227708.0,27.95,28.2,27.9,28.05, 0.00,5305.0,False,0.4210526315789483,0.6265176072166996,0.7027824393135406
143.0,2022-08-22,16330493.0,454463662.0,27.8,27.95,27.7,27.8,-0.25,10415.0,False,0.11111111111111242,0.4547154418481705,0.6200934401584173
144.0,2022-08-23,18180131.0,501067493.0,27.6,27.65,27.5,27.55,-0.25,9842.0,False,0.04545454545454604,0.3182951430502957,0.5194940077890434
145.0,2022-08-24,14021936.0,387112067.0,27.6,27.85,27.5,27.65,+0.10,6099.0,False,0.13636363636363488,0.2576513074880754,0.4322131076887207
146.0,2022-08-25,9633268.0,268317260.0,27.8,28.0,27.75,27.8,+0.15,5316.0,False,0.2857142857142862,0.2670056335634789,0.3771439496469735
147.0,2022-08-26,9526709.0,266450547.0,28.0,28.05,27.8,28.0,+0.20,5204.0,False,0.5882352941176461,0.3740821870815347,0.3761233621251605
148.0,2022-08-29,16679959.0,461348656.0,27.5,27.75,27.5,27.7,-0.30,8714.0,False,0.2352941176470576,0.32781949727004234,0.3600220738401211
149.0,2022-08-30,16515649.0,456912278.0,27.7,27.8,27.55,27.65,-0.05,7210.0,False,0.1999999999999981,0.2852129981800276,0.33508571528675657
150.0,2022-08-31,29644449.0,832558207.0,27.7,28.2,27.65,28.2,+0.55,10244.0,False,1.0,0.5234753321200184,0.3978822542311772
151.0,2022-09-01,35228041.0,977421733.0,28.1,28.15,27.6,27.65,-0.55,19975.0,False,0.21428571428571247,0.4204121261752497,0.405392211545868
152.0,2022-09-02,13510219.0,373567314.0,27.65,27.75,27.6,27.6,-0.05,6488.0,False,0.14285714285714504,0.3278937984025481,0.3795594071647614
153.0,2022-09-05,24931398.0,686811199.0,27.6,27.8,27.45,27.55,-0.05,13880.0,False,0.13333333333333522,0.2630403100461438,0.3407197081252221
154.0,2022-09-06,15569625.0,432307753.0,27.6,27.95,27.6,27.8,+0.25,8351.0,False,0.4666666666666686,0.33091576225298536,0.33745172616780983
155.0,2022-09-07,25826080.0,707520689.0,27.5,27.65,27.3,27.3,-0.50,17735.0,False,0.0,0.2206105081686569,0.2985046535014255
156.0,2022-09-08,14759597.0,405224964.0,27.55,27.55,27.3,27.5,+0.20,6025.0,False,0.2222222222222218,0.22114774618651187,0.2727190177297876
157.0,2022-09-12,21483119.0,593476019.0,27.5,27.8,27.4,27.75,+0.25,8556.0,False,0.5,0.3140984974576746,0.2865121776390833
158.0,2022-09-13,21909571.0,609640241.0,27.85,27.95,27.7,27.75, 0.00,7236.0,False,0.5,0.3760656649717831,0.3163633400833165
159.0,2022-09-14,24211426.0,665489870.0,27.55,27.7,27.4,27.4,-0.35,11250.0,False,0.1176470588235272,0.2899261295890311,0.30755093658522137
160.0,2022-09-15,19498971.0,535812416.0,27.4,27.7,27.3,27.55,+0.15,8239.0,False,0.3846153846153855,0.3214892145978159,0.31219702925608617
161.0,2022-09-16,38606367.0,1058027388.0,27.4,27.55,27.3,27.4,-0.15,9288.0,False,0.1538461538461509,0.2656081943472609,0.2966674176198111
162.0,2022-09-19,9080840.0,249281371.0,27.5,27.55,27.4,27.4, 0.00,4596.0,False,0.1538461538461509,0.2283541808468909,0.27389633869550434
163.0,2022-09-20,14354390.0,393152862.0,27.45,27.5,27.3,27.4, 0.00,6734.0,False,0.1538461538461509,0.2035181718466442,0.25043694974588426
164.0,2022-09-21,15560034.0,424775380.0,27.4,27.4,27.2,27.3,-0.10,9175.0,False,0.13333333333333522,0.18012322567554118,0.2269990417224365
165.0,2022-09-22,37244304.0,999696801.0,27.05,27.15,26.7,26.8,-0.50,21072.0,False,0.08000000000000114,0.1467488171170278,0.20024896685396693
166.0,2022-09-23,19610053.0,525511096.0,26.8,26.95,26.65,26.75,-0.05,10760.0,False,0.07692307692307797,0.1234735703857112,0.17465716803121506
167.0,2022-09-26,31063120.0,821551064.0,26.65,26.65,26.35,26.35,-0.40,18444.0,False,0.0,0.08231571359047413,0.14387668321763472
168.0,2022-09-27,28131486.0,736716836.0,26.2,26.45,26.1,26.15,-0.20,14071.0,False,0.031249999999998262,0.06529380906031551,0.11768239183186165
169.0,2022-09-28,31047134.0,811018855.0,26.15,26.65,26.0,26.1,-0.05,11524.0,False,0.06451612903225895,0.06503458238429666,0.10013312201600663
170.0,2022-09-29,35777146.0,930544766.0,26.1,26.1,25.9,26.1, 0.00,14227.0,False,0.12121212121212276,0.0837604286602387,0.09467555756408398
171.0,2022-09-30,31459488.0,812710614.0,26.0,26.0,25.75,25.75,-0.35,13911.0,False,0.0,0.05584028577349246,0.08173046696722014
172.0,2022-10-03,30650727.0,778697132.0,25.65,25.65,25.3,25.35,-0.40,15180.0,False,0.02380952380952417,0.04516336511883637,0.06954143301775888
173.0,2022-10-04,23959642.0,607986897.0,25.45,25.6,25.3,25.3,-0.05,12399.0,False,0.0,0.030108910079224244,0.056397258704914
174.0,2022-10-05,27034940.0,684333537.0,25.35,25.45,25.25,25.25,-0.05,14953.0,False,0.0,0.020072606719482827,0.04428904137643694
175.0,2022-10-06,45407458.0,1148964674.0,25.25,25.45,25.1,25.45,+0.20,11182.0,False,0.2258064516129023,0.08865055501728931,0.0590762125900544
176.0,2022-10-07,15852089.0,401204491.0,25.3,25.4,25.25,25.3,-0.15,7256.0,False,0.1290322580645159,0.10211112269969816,0.07342118262660233
177.0,2022-10-11,52711123.0,1296047412.0,25.0,25.0,24.35,24.4,-0.90,32977.0,False,0.0217391304347814,0.07532045861139257,0.07405427462153241
178.0,2022-10-12,23910096.0,583018751.0,24.25,24.7,24.1,24.6,+0.20,9996.0,False,0.25,0.13354697240759505,0.09388517388355327
179.0,2022-10-13,61291168.0,1462381794.0,24.55,24.6,23.5,23.75,-0.85,35748.0,False,0.1,0.12236464827173002,0.10337833201294552
180.0,2022-10-14,44572342.0,1054653183.0,23.9,24.05,23.55,23.55,-0.20,22243.0,False,0.02325581395348872,0.08932837016564958,0.0986950113971802
181.0,2022-10-17,36939311.0,853800314.0,23.25,23.3,23.0,23.1,-0.45,16987.0,False,0.03846153846153898,0.07237275959761273,0.08992092746399104
182.0,2022-10-18,52231918.0,1199416679.0,23.2,23.35,22.8,23.0,-0.10,24545.0,False,0.07547169811320732,0.07340573910281092,0.08441586467693099
183.0,2022-10-19,42594430.0,968494280.0,23.05,23.05,22.5,22.5,-0.50,27229.0,False,0.0,0.048937159401873945,0.07258962958524531
184.0,2022-10-20,45409340.0,1011365888.0,22.1,22.7,22.0,22.55,+0.05,18237.0,False,0.16176470588235325,0.0865463415620337,0.07724186691084144
185.0,2022-10-21,40894801.0,937568211.0,22.65,23.15,22.45,22.95,+0.40,12744.0,False,0.31666666666666643,0.16325311659691127,0.10591228347286473
186.0,2022-10-24,39097256.0,892789888.0,23.25,23.25,22.65,22.85,-0.10,11676.0,False,0.31481481481481544,0.213773682669546,0.1418660832050918
187.0,2022-10-25,36638095.0,831216763.0,22.75,22.85,22.5,22.8,-0.05,14582.0,False,0.3076923076923078,0.2450798910104665,0.17627068580688338
188.0,2022-10-26,26528710.0,617037813.0,22.9,23.5,22.75,23.2,+0.40,9532.0,False,0.585365853658536,0.3585085452264897,0.2370166389467521
189.0,2022-10-27,28497488.0,662828824.0,23.25,23.55,23.1,23.1,-0.10,9141.0,False,0.7096774193548393,0.4755648366026062,0.3165327048320368
190.0,2022-10-28,15294733.0,354143426.0,23.2,23.35,23.0,23.15,+0.05,6142.0,False,0.7419354838709665,0.5643550523587263,0.3991401540076
191.0,2022-10-31,18089552.0,421720197.0,23.35,23.5,23.2,23.2,+0.05,5363.0,False,0.774193548387096,0.6343012177015162,0.4775271752389053
192.0,2022-11-01,12692460.0,296934014.0,23.25,23.5,23.2,23.4,+0.20,4680.0,False,0.9032258064516115,0.7239427472848812,0.5596656992542306
193.0,2022-11-02,14899759.0,346981706.0,23.4,23.5,23.2,23.25,-0.15,7681.0,False,0.7272727272727271,0.7250527406141631,0.6147947130408747
194.0,2022-11-03,14173664.0,326913841.0,23.1,23.2,23.0,23.05,-0.20,6951.0,False,0.5238095238095242,0.6579716683459501,0.6291870314758998
195.0,2022-11-04,17326852.0,397970625.0,23.0,23.05,22.85,23.05, 0.00,7939.0,False,0.5238095238095242,0.6132509535004748,0.6238750054840915
196.0,2022-11-07,16524328.0,385526335.0,23.25,23.5,23.1,23.5,+0.45,7326.0,False,0.9374999999999992,0.7213339690003162,0.6563613266561663
197.0,2022-11-08,20277086.0,475846567.0,23.55,23.6,23.4,23.5, 0.00,8350.0,False,0.8666666666666648,0.7697782015557657,0.6941669516226994
198.0,2022-11-09,30759754.0,720810125.0,23.45,23.5,23.35,23.45,-0.05,11752.0,False,0.7999999999999972,0.7798521343705095,0.7227286792053027
199.0,2022-11-10,17723113.0,412149582.0,23.3,23.35,23.2,23.2,-0.25,10057.0,False,0.4666666666666638,0.6754569784692275,0.706971445626611
200.0,2022-11-11,53353876.0,1272846938.0,23.55,24.1,23.5,24.0,+0.80,13873.0,False,0.9199999999999988,0.7569713189794846,0.7236380700775689
201.0,2022-11-14,45011734.0,1079770692.0,24.05,24.05,23.9,24.05,+0.05,10735.0,False,0.9599999999999994,0.8246475459863227,0.7573078953804868
202.0,2022-11-15,39793774.0,958446504.0,24.0,24.25,23.8,24.2,+0.15,10627.0,False,0.9642857142857136,0.8711936020861197,0.7952697976156977
203.0,2022-11-16,35889606.0,862238011.0,24.15,24.2,23.9,24.0,-0.20,11599.0,False,0.8214285714285713,0.8546052585336035,0.8150482845883329
204.0,2022-11-17,26950959.0,638460051.0,23.9,23.95,23.55,23.75,-0.25,11425.0,False,0.5652173913043473,0.7581426361238514,0.7960797351001723
205.0,2022-11-18,22181173.0,523143007.0,23.7,23.7,23.45,23.7,-0.05,9044.0,False,0.4761904761904759,0.6641585828127261,0.7521060176710235
206.0,2022-11-21,21137889.0,498645708.0,23.65,23.75,23.45,23.75,+0.05,8387.0,False,0.5238095238095242,0.6173755631449921,0.7071958661623463
207.0,2022-11-22,18094115.0,428184008.0,23.7,23.75,23.5,23.75, 0.00,6797.0,False,0.5238095238095242,0.5861868833665027,0.6668595385637317
208.0,2022-11-23,24618990.0,589276917.0,23.75,24.05,23.75,24.0,+0.25,7531.0,False,0.6875000000000002,0.6199579222443352,0.6512256664572662
209.0,2022-11-24,17781725.0,429577526.0,24.15,24.25,24.05,24.25,+0.25,6072.0,False,1.0,0.7466386148295567,0.6830299825813628
210.0,2022-11-25,30260284.0,726924578.0,24.15,24.2,23.85,24.15,-0.10,9299.0,False,0.8749999999999983,0.7894257432197038,0.7184952361274766
211.0,2022-11-28,27508824.0,658889299.0,23.9,24.15,23.75,24.1,-0.05,9757.0,False,0.8125000000000019,0.7971171621464698,0.7447025448004743
212.0,2022-11-29,32014718.0,778021283.0,24.25,24.5,24.05,24.5,+0.40,8486.0,False,1.0,0.8647447747643131,0.7847166214550871
213.0,2022-11-30,43259740.0,1069998798.0,24.4,24.95,24.3,24.8,+0.30,10221.0,False,0.9000000000000009,0.8764965165095423,0.8153099198065722
214.0,2022-12-01,25120004.0,620363062.0,24.9,25.0,24.45,24.6,-0.20,11488.0,False,0.7419354838709687,0.8316428389633511,0.8207542261921651
215.0,2022-12-02,31545079.0,765850530.0,24.45,24.55,24.1,24.15,-0.45,13989.0,False,0.4333333333333324,0.6988730037533448,0.7801271520458917
216.0,2022-12-05,16361336.0,398534287.0,24.15,24.5,24.15,24.25,+0.10,7665.0,False,0.4,0.5992486691688965,0.7198343244202265
217.0,2022-12-06,18234677.0,440878996.0,24.25,24.3,24.05,24.2,-0.05,8302.0,False,0.35999999999999943,0.5194991127792641,0.6530559205399057
218.0,2022-12-07,34359263.0,837793355.0,24.2,24.5,24.05,24.4,0.2,7884.0,False,0.5199999999999989,0.5196660751861757,0.608592638755329
219.0,2022-12-08,25966000.0,635786350.0,24.5,24.7,24.2,24.65,0.25,5625.0,False,0.7199999999999989,0.5864440501241167,0.6012097758782582
220.0,2022-12-09,12571629.0,310131073.0,24.75,24.75,24.5,24.65,0.0,5299.0,False,0.6315789473684192,0.6014890158722175,0.6013028558762445
221.0,2022-12-12,17259335.0,422798498.0,24.65,24.65,24.3,24.55,-0.1,8581.0,False,0.5263157894736846,0.5764312737393732,0.5930123284972875
222.0,2022-12-13,31778353.0,771676933.0,24.55,24.65,24.1,24.2,-0.35,11787.0,False,0.1578947368421039,0.4369190947736167,0.5409812505893972
223.0,2022-12-14,17145538.0,421604931.0,24.5,24.65,24.35,24.65,0.45,5205.0,False,0.8571428571428549,0.5769936822300294,0.5529853944696079
224.0,2022-12-15,12584000.0,308520000.0,24.65,24.65,24.35,24.6,-0.05,3417.0,False,0.7857142857142875,0.646567216724782,0.5841793352213326
225.0,2022-12-16,22501000.0,546534200.0,24.25,24.5,24.15,24.25,-0.35,6215.0,False,0.285714285714285,0.5262829063879496,0.5648805256102049
226.0,2022-12-19,16299711.0,393357893.0,24.05,24.3,24.05,24.3,0.05,7177.0,False,0.3571428571428575,0.4699028899729189,0.5332213137311095
227.0,2022-12-20,28378499.0,681453161.0,24.1,24.3,23.8,24.0,-0.3,13840.0,False,0.2105263157894731,0.38344403191177023,0.4832955531246629
228.0,2022-12-21,9074000.0,218246950.0,24.0,24.15,23.95,24.1,0.1,3037.0,False,0.3157894736842115,0.36089251250258403,0.44249453958397
229.0,2022-12-22,9032214.0,219079079.0,24.2,24.35,24.1,24.35,0.25,3539.0,False,0.6470588235294142,0.4562812828448607,0.4470901206709335
230.0,2022-12-25,10271872.0,247392346.0,24.05,24.15,24.0,24.1,-0.25,4790.0,False,0.35294117647059003,0.42183458072010377,0.4386716073539902
231.0,2022-12-26,5432704.0,131368778.0,24.15,24.25,24.1,24.15,0.05,3753.0,False,0.4117647058823515,0.4184779557741864,0.4319403901607222
232.0,2022-12-27,5777781.0,140307300.0,24.2,24.35,24.15,24.3,0.15,2781.0,False,0.5882352941176485,0.475063735222007,0.44631483851448384
233.0,2022-12-28,8825000.0,212698950.0,24.2,24.2,24.05,24.05,-0.25,3630.0,False,0.3571428571428575,0.4357567758622905,0.442795484297086
234.0,2022-12-29,15310711.0,367105360.0,24.0,24.2,23.85,24.1,0.05,6966.0,False,0.5454545454545461,0.4723226990597089,0.4526378892179602
235.0,2022-12-30,10130461.0,244264596.0,24.2,24.2,24.05,24.05,-0.05,3179.0,False,0.45454545454545403,0.4663969508882906,0.4572242431080703
,2023-01-03,"10,098,038","242,008,060",24.0,24.15,23.8,24.0,-0.05,"5,719",,,,
,2023-01-04,"20,394,026","486,318,762",23.85,24.05,23.8,23.8,-0.20,"12,770",,,,
,2023-01-05,"13,197,747","316,743,875",23.9,24.1,23.9,24.0,+0.20,"4,231",,,,
,2023-01-06,"11,875,004","284,807,232",23.95,24.05,23.9,23.95,-0.05,"6,984",,,,
,2023-01-09,"41,685,739","1,018,947,621",24.2,24.6,24.05,24.6,+0.65,"12,807",,,,
,2023-01-10,"18,325,794","447,923,672",24.6,24.6,24.3,24.5,-0.10,"8,062",,,,
,2023-01-11,"18,212,333","442,247,856",24.6,24.6,24.2,24.2,-0.30,"10,005",,,,
,2023-01-12,"20,915,633","505,271,244",24.25,24.4,24.05,24.05,-0.15,"10,989",,,,
,2023-01-13,"13,387,797","325,367,216",24.25,24.4,24.2,24.25,+0.20,"6,623",,,,
,2023-01-16,"23,071,647","564,992,097",24.5,24.6,24.35,24.45,+0.20,"8,855",,,,
,2023-01-17,"33,665,019","816,448,980",24.45,24.5,24.15,24.15,-0.30,"12,407",,,,
,2023-01-30,"64,738,146","1,595,554,340",24.6,24.9,24.35,24.9,+0.75,"20,384",,,,
,2023-01-31,"39,254,899","964,945,865",24.8,24.8,24.5,24.5,-0.40,"11,777",,,,
262.0,2023-02-01,22918245.0,564576036.0,24.6,24.7,24.55,24.65,0.15,7079.0,False,0.6666666666666666,0.4475271007451573,0.3744805787713208
